date,canton,population,density,O65_perc,O65,beds,bedsPerCapita,TotalTestedCases,tested_pos,posPer100k,TotalConfCases,TotalCured,TotalDeaths,Hospitalisations,SortisDeHôpital,,Pos_Pop_rate,Conf_Pop_rate,,,,,,,,
28.02.20,AG,678207,482,17.70%,120043,1450,0.00213799,,1,0.147447608,,,,,,,1.47448E-06,,,BS: neue fälle,,,,,,
29.02.20,AG,678207,482,17.70%,120043,1450,0.00213799,,1,0.147447608,,,,,,,1.47448E-06,,,AG: total,,,,,,
01.03.20,AG,678207,482,17.70%,120043,1450,0.00213799,,1,0.147447608,,,,,,,1.47448E-06,,,,,,,,,
02.03.20,AG,678207,482,17.70%,120043,1450,0.00213799,,2,0.294895216,,,,,,,2.94895E-06,,,,,,,,,
03.03.20,AG,678207,482,17.70%,120043,1450,0.00213799,,6,0.884685649,,,,,,,8.84686E-06,,,,,,,,,
04.03.20,AG,678207,482,17.70%,120043,1450,0.00213799,,7,1.032133257,,,,,,,1.03213E-05,,,,,,,,,
05.03.20,AG,678207,482,17.70%,120043,1450,0.00213799,,9,1.327028474,,,,,,,1.32703E-05,,,,,,,,,
06.03.20,AG,678207,482,17.70%,120043,1450,0.00213799,,10,1.474476082,NA,,,,,,1.47448E-05,,,,,,,,,
07.03.20,AG,678207,482,17.70%,120043,1450,0.00213799,,14,2.064266515,NA,2,,,,,2.06427E-05,,,,,,,,,
08.03.20,AG,678207,482,17.70%,120043,1450,0.00213799,,14,2.064266515,NA,,,,,,2.06427E-05,,,,,,,,,
09.03.20,AG,678207,482,17.70%,120043,1450,0.00213799,,14,2.064266515,NA,,,,,,2.06427E-05,,,,,,,,,
10.03.20,AG,678207,482,17.70%,120043,1450,0.00213799,,15,2.211714123,NA,,,,,,2.21171E-05,,,,,,,,,
11.03.20,AG,678207,482,17.70%,120043,1450,0.00213799,,17,2.506609339,NA,,,,,,2.50661E-05,,,,,,,,,
12.03.20,AG,678207,482,17.70%,120043,1450,0.00213799,,27,3.981085421,NA,3,,,,,3.98109E-05,,,,,,,,,
13.03.20,AG,678207,482,17.70%,120043,1450,0.00213799,,32,4.718323462,NA,3,,,,,4.71832E-05,,,,,,,,,
14.03.20,AG,678207,482,17.70%,120043,1450,0.00213799,,31,4.570875854,26,,,,,,4.57088E-05,3.83364E-05,,,,,,,,
15.03.20,AG,678207,482,17.70%,120043,1450,0.00213799,,43,6.340247152,,3,,,,,6.34025E-05,,,,,,,,,
16.03.20,AG,678207,482,17.70%,120043,1450,0.00213799,,52,7.667275625,,4,,,,,7.66728E-05,,,,,,,,,
17.03.20,AG,678207,482,17.70%,120043,1450,0.00213799,,67,9.878989748,,4,,,,,9.87899E-05,,,,,,,,,
18.03.20,AG,678207,482,17.70%,120043,1450,0.00213799,,101,14.89220843,,4,,,,,0.000148922,,,,,,,,,
19.03.20,AG,678207,482,17.70%,120043,1450,0.00213799,,118,17.39881777,,,,,,,0.000173988,,,,,,,,,
20.03.20,AG,678207,482,17.70%,120043,1450,0.00213799,,168,24.77119817,,,,,,,0.000247712,,,,,,,,,
21.03.20,AG,678207,482,17.70%,120043,1450,0.00213799,,175,25.80333143,,,,,,,0.000258033,,,,,,,,,
22.03.20,AG,678207,482,17.70%,120043,1450,0.00213799,,217,31.99613097,,,,,,,0.000319961,,,,,,,,,
23.03.20,AG,678207,482,17.70%,120043,1450,0.00213799,,241,35.53487357,,1,,,,,0.000355349,,,,,,,,,
24.03.20,AG,678207,482,17.70%,120043,1450,0.00213799,,266,39.22106378,,2,,,,,0.000392211,,,,,,,,,
25.03.20,AG,678207,482,17.70%,120043,1450,0.00213799,,319,47.03578701,,2,,,,,0.000470358,,,,,,,,,
06.03.20,AI,16145,93,19.10%,3084,18,0.001114896,,0,0,NA,,,,,,0,,,,,,,,,
07.03.20,AI,16145,93,19.10%,3084,18,0.001114896,,0,0,NA,,,,,,0,,,,,,,,,
08.03.20,AI,16145,93,19.10%,3084,18,0.001114896,,0,0,NA,,,,,,0,,,,,,,,,
09.03.20,AI,16145,93,19.10%,3084,18,0.001114896,,0,0,NA,,,,,,0,,,,,,,,,
10.03.20,AI,16145,93,19.10%,3084,18,0.001114896,,0,0,NA,,,,,,0,,,,,,,,,
11.03.20,AI,16145,93,19.10%,3084,18,0.001114896,,0,0,NA,,,,,,0,,,,,,,,,
12.03.20,AI,16145,93,19.10%,3084,18,0.001114896,,0,0,NA,,,,,,0,,,,,,,,,
13.03.20,AI,16145,93,19.10%,3084,18,0.001114896,,0,0,NA,,,,,,0,,,,,,,,,
14.03.20,AI,16145,93,19.10%,3084,18,0.001114896,,2,12.38773614,0,,,,,,0.000123877,0,,,,,,,,
15.03.20,AI,16145,93,19.10%,3084,18,0.001114896,,2,12.38773614,,,,,,,0.000123877,,,,,,,,,
16.03.20,AI,16145,93,19.10%,3084,18,0.001114896,,2,12.38773614,,,,,,,0.000123877,,,,,,,,,
17.03.20,AI,16145,93,19.10%,3084,18,0.001114896,,2,12.38773614,,,,,,,0.000123877,,,,,,,,,
18.03.20,AI,16145,93,19.10%,3084,18,0.001114896,,3,18.58160421,,,,,,,0.000185816,,,,,,,,,
19.03.20,AI,16145,93,19.10%,3084,18,0.001114896,,3,18.58160421,,,,,,,0.000185816,,,,,,,,,
20.03.20,AI,16145,93,19.10%,3084,18,0.001114896,,3,18.58160421,,,,,,,0.000185816,,,,,,,,,
21.03.20,AI,16145,93,19.10%,3084,18,0.001114896,,3,18.58160421,,,,,,,0.000185816,,,,,,,,,
22.03.20,AI,16145,93,19.10%,3084,18,0.001114896,,3,18.58160421,,,,,,,0.000185816,,,,,,,,,
23.03.20,AI,16145,93,19.10%,3084,18,0.001114896,,4,24.77547228,,,,,,,0.000247755,,,,,,,,,
24.03.20,AI,16145,93,19.10%,3084,18,0.001114896,,4,24.77547228,,,,,,,0.000247755,,,,,,,,,
06.03.20,AR,55234,227,19.70%,10881,208,0.003765796,,1,1.810479053,NA,,,,,,1.81048E-05,,,,,,,,,
07.03.20,AR,55234,227,19.70%,10881,208,0.003765796,,1,1.810479053,NA,,,,,,1.81048E-05,,,,,,,,,
08.03.20,AR,55234,227,19.70%,10881,208,0.003765796,,1,1.810479053,NA,,,,,,1.81048E-05,,,,,,,,,
09.03.20,AR,55234,227,19.70%,10881,208,0.003765796,,2,3.620958106,NA,,,,,,3.62096E-05,,,,,,,,,
10.03.20,AR,55234,227,19.70%,10881,208,0.003765796,,2,3.620958106,NA,,,,,,3.62096E-05,,,,,,,,,
11.03.20,AR,55234,227,19.70%,10881,208,0.003765796,,2,3.620958106,NA,,,,,,3.62096E-05,,,,,,,,,
12.03.20,AR,55234,227,19.70%,10881,208,0.003765796,,2,3.620958106,NA,,,,,,3.62096E-05,,,,,,,,,
13.03.20,AR,55234,227,19.70%,10881,208,0.003765796,,5,9.052395264,NA,,,,,,9.0524E-05,,,,,,,,,
14.03.20,AR,55234,227,19.70%,10881,208,0.003765796,,5,9.052395264,3,,,,,,9.0524E-05,5.43144E-05,,,,,,,,
15.03.20,AR,55234,227,19.70%,10881,208,0.003765796,,,,,,,,,,,,,,,,,,,
16.03.20,AR,55234,227,19.70%,10881,208,0.003765796,,,,,,,,,,,,,,,,,,,
17.03.20,AR,55234,227,19.70%,10881,208,0.003765796,,,,,,,,,,,,,,,,,,,
18.03.20,AR,55234,227,19.70%,10881,208,0.003765796,,10,18.10479053,,,,,,,0.000181048,,,,,,,,,
19.03.20,AR,55234,227,19.70%,10881,208,0.003765796,,16,28.96766484,,,,,,,0.000289677,,,,,,,,,
20.03.20,AR,55234,227,19.70%,10881,208,0.003765796,,18,32.58862295,,,,,,,0.000325886,,,,,,,,,
21.03.20,AR,55234,227,19.70%,10881,208,0.003765796,,22,39.83053916,,,,,,,0.000398305,,,,,,,,,
22.03.20,AR,55234,227,19.70%,10881,208,0.003765796,,26,47.07245537,,,,,,,0.000470725,,,,,,,,,
23.03.20,AR,55234,227,19.70%,10881,208,0.003765796,,30,54.31437158,,,,,,,0.000543144,,,,,,,,,
24.03.20,AR,55234,227,19.70%,10881,208,0.003765796,,30,54.31437158,,,,,,,0.000543144,,,,,,,,,
25.03.20,AR,55234,227,19.70%,10881,208,0.003765796,,34,61.55628779,,,,,,,0.000615563,,,,,,,,,
06.03.20,BE,1034977,174,20.80%,215275,3053,0.002949824,,20,1.932410092,NA,,,,,,1.93241E-05,,,,,,,,,
07.03.20,BE,1034977,174,20.80%,215275,3053,0.002949824,,25,2.415512615,NA,,,,,,2.41551E-05,,,,,,,,,
08.03.20,BE,1034977,174,20.80%,215275,3053,0.002949824,,31,2.995235643,NA,,,,,,2.99524E-05,,,,,,,,,
09.03.20,BE,1034977,174,20.80%,215275,3053,0.002949824,,34,3.285097157,NA,,,,,,3.2851E-05,,,,,,,,,
10.03.20,BE,1034977,174,20.80%,215275,3053,0.002949824,,39,3.76819968,NA,,,,,,3.7682E-05,,,,,,,,,
11.03.20,BE,1034977,174,20.80%,215275,3053,0.002949824,,41,3.961440689,NA,,,,,,3.96144E-05,,,,,,,,,
12.03.20,BE,1034977,174,20.80%,215275,3053,0.002949824,,51,4.927645735,NA,,,,,,4.92765E-05,,,,,,,,,
13.03.20,BE,1034977,174,20.80%,215275,3053,0.002949824,,62,5.990471286,NA,,,,,,5.99047E-05,,,,,,,,,
14.03.20,BE,1034977,174,20.80%,215275,3053,0.002949824,,78,7.53639936,69,,,,,,7.5364E-05,6.66681E-05,,,,,,,,
15.03.20,BE,1034977,174,20.80%,215275,3053,0.002949824,,,,,,,,,,,,,,,,,,,
16.03.20,BE,1034977,174,20.80%,215275,3053,0.002949824,,131,12.6572861,,,,,,,0.000126573,,,,,,,,,
17.03.20,BE,1034977,174,20.80%,215275,3053,0.002949824,,,,,,,,,,,,,,,,,,,
18.03.20,BE,1034977,174,20.80%,215275,3053,0.002949824,,193,18.64775739,,,,,,,0.000186478,,,,,,,,,
19.03.20,BE,1034977,174,20.80%,215275,3053,0.002949824,,282,27.2469823,,,1,,,,0.00027247,,,,,,,,,
20.03.20,BE,1034977,174,20.80%,215275,3053,0.002949824,,,,,,,,,,,,,,,,,,,
21.03.20,BE,1034977,174,20.80%,215275,3053,0.002949824,,418,40.38737093,,,3,,,,0.000403874,,,,,,,,,
22.03.20,BE,1034977,174,20.80%,215275,3053,0.002949824,,,,,,,,,,,,,,,,,,,
23.03.20,BE,1034977,174,20.80%,215275,3053,0.002949824,,470,45.41163717,,,5,,,,0.000454116,,,,,,,,,
24.03.20,BE,1034977,174,20.80%,215275,3053,0.002949824,,532,51.40210845,,,6,,,,0.000514021,,,,,,,,,
25.03.20,BE,1034977,174,20.80%,215275,3053,0.002949824,,624,60.29119488,,,6,,,,0.000602912,,,,,,,,,
06.03.20,BL,288132,556,21.90%,63101,582,0.002019908,,9,3.123568364,NA,,,,,,3.12357E-05,,,,,,,,,
07.03.20,BL,288132,556,21.90%,63101,582,0.002019908,,13,4.511820971,NA,,,,,,4.51182E-05,,,,,,,,,
08.03.20,BL,288132,556,21.90%,63101,582,0.002019908,,19,6.594199881,NA,,,,,,6.5942E-05,,,,,,,,,
09.03.20,BL,288132,556,21.90%,63101,582,0.002019908,,20,6.941263032,NA,,,,,,6.94126E-05,,,,,,,,,
10.03.20,BL,288132,556,21.90%,63101,582,0.002019908,,22,7.635389335,NA,,,,,,7.63539E-05,,,,,,,,,
11.03.20,BL,288132,556,21.90%,63101,582,0.002019908,,23,7.982452487,NA,,,,,,7.98245E-05,,,,,,,,,
12.03.20,BL,288132,556,21.90%,63101,582,0.002019908,,29,10.0648314,NA,,,,,,0.000100648,,,,,,,,,
13.03.20,BL,288132,556,21.90%,63101,582,0.002019908,,42,14.57665237,NA,,,,,,0.000145767,,,,,,,,,
14.03.20,BL,288132,556,21.90%,63101,582,0.002019908,,48,16.65903128,41,,,,,,0.00016659,0.000142296,,,,,,,,
15.03.20,BL,288132,556,21.90%,63101,582,0.002019908,,,,,,,,,,,,,,,,,,,
16.03.20,BL,288132,556,21.90%,63101,582,0.002019908,,,,,,,,,,,,,,,,,,,
17.03.20,BL,288132,556,21.90%,63101,582,0.002019908,,,,,,,,,,,,,,,,,,,
18.03.20,BL,288132,556,21.90%,63101,582,0.002019908,,116,40.25932559,,,,,,,0.000402593,,,,,,,,,
19.03.20,BL,288132,556,21.90%,63101,582,0.002019908,,134,46.50646232,,,,,,,0.000465065,,,,,,,,,
20.03.20,BL,288132,556,21.90%,63101,582,0.002019908,,184,63.8596199,,,,,,,0.000638596,,,,,,,,,
21.03.20,BL,288132,556,21.90%,63101,582,0.002019908,,282,97.87180875,,,3,,,,0.000978718,,,,,,,,,
22.03.20,BL,288132,556,21.90%,63101,582,0.002019908,,289,100.3012508,,,3,,,,0.001003013,,,,,,,,,
23.03.20,BL,288132,556,21.90%,63101,582,0.002019908,,302,104.8130718,,,3,,,,0.001048131,,,,,,,,,
24.03.20,BL,288132,556,21.90%,63101,582,0.002019908,,306,106.2013244,,,4,,,,0.001062013,,,,,,,,,
25.03.20,BL,288132,556,21.90%,63101,582,0.002019908,,341,118.3485347,,,,,,,0.001183485,,,,,,,,,
27.02.20,BS,194766,5264,19.90%,38758,1199,0.006156105,,1,0.513436637,,,,,,,5.13437E-06,,,,,,,,,
28.02.20,BS,194766,5264,19.90%,38758,1199,0.006156105,,,,,,,,,,,,,,,,,,,
29.02.20,BS,194766,5264,19.90%,38758,1199,0.006156105,,,,,,,,,,,,,,,,,,,
01.03.20,BS,194766,5264,19.90%,38758,1199,0.006156105,,,,,,,,,,,,,,,,,,,
02.03.20,BS,194766,5264,19.90%,38758,1199,0.006156105,,3,1.54030991,,,,,,,1.54031E-05,,,,,,,,,
03.03.20,BS,194766,5264,19.90%,38758,1199,0.006156105,,,,,,,,,,,,,,,,,,,
04.03.20,BS,194766,5264,19.90%,38758,1199,0.006156105,,8,4.107493094,,,,,,,4.10749E-05,,,,,,,,,
05.03.20,BS,194766,5264,19.90%,38758,1199,0.006156105,,,,,,,,,,,,,,,,,,,
06.03.20,BS,194766,5264,19.90%,38758,1199,0.006156105,,17,8.728422825,NA,,,,,,8.72842E-05,,,,,,,,,
07.03.20,BS,194766,5264,19.90%,38758,1199,0.006156105,,22,11.29560601,NA,,,,,,0.000112956,,,,,,,,,
08.03.20,BS,194766,5264,19.90%,38758,1199,0.006156105,,25,12.83591592,NA,,,,,,0.000128359,,,,,,,,,
09.03.20,BS,194766,5264,19.90%,38758,1199,0.006156105,,29,14.88966247,NA,,,,,,0.000148897,,,,,,,,,
10.03.20,BS,194766,5264,19.90%,38758,1199,0.006156105,,39,20.02402883,NA,,,,,,0.00020024,,,,,,,,,
11.03.20,BS,194766,5264,19.90%,38758,1199,0.006156105,,49,25.1583952,NA,,,,,,0.000251584,,,,,,,,,
12.03.20,BS,194766,5264,19.90%,38758,1199,0.006156105,,80,41.07493094,NA,,1,,,,0.000410749,,,,,,,,,
13.03.20,BS,194766,5264,19.90%,38758,1199,0.006156105,,111,56.99146668,NA,,,,,,0.000569915,,,,,,,,,
14.03.20,BS,194766,5264,19.90%,38758,1199,0.006156105,,119,61.09895978,100,,,,,,0.00061099,0.000513437,,,,,,,,
15.03.20,BS,194766,5264,19.90%,38758,1199,0.006156105,,,,,,,,,,,,,,,,,,,
16.03.20,BS,194766,5264,19.90%,38758,1199,0.006156105,,144,73.9348757,,,,,,,0.000739349,,,,,,,,,
17.03.20,BS,194766,5264,19.90%,38758,1199,0.006156105,,165,84.71704507,,,,,,,0.00084717,,,,,,,,,
18.03.20,BS,194766,5264,19.90%,38758,1199,0.006156105,,182,93.44546789,,,,,,,0.000934455,,,,,,,,,
19.03.20,BS,194766,5264,19.90%,38758,1199,0.006156105,,222,113.9829334,,,,,,,0.001139829,,,,,,,,,
20.03.20,BS,194766,5264,19.90%,38758,1199,0.006156105,,272,139.6547652,,,4,,,,0.001396548,,,,,,,,,
21.03.20,BS,194766,5264,19.90%,38758,1199,0.006156105,,299,153.5175544,,,5,,,,0.001535176,,,,,,,,,
22.03.20,BS,194766,5264,19.90%,38758,1199,0.006156105,,358,183.810316,,,5,,,,0.001838103,,,,,,,,,
23.03.20,BS,194766,5264,19.90%,38758,1199,0.006156105,,376,193.0521754,,,5,,,,0.001930522,,,,,,,,,
24.03.20,BS,194766,5264,19.90%,38758,1199,0.006156105,,414,212.5627676,,,5,,,,0.002125628,,,,,,,,,
25.03.20,BS,194766,5264,19.90%,38758,1199,0.006156105,,466,239.2614727,,,8,,,,0.002392615,,,,,,,,,
06.03.20,FR,318714,191,15.70%,50038,547,0.001716272,,7,2.196326487,NA,,,,,,2.19633E-05,,,,,,,,,
07.03.20,FR,318714,191,15.70%,50038,547,0.001716272,,7,2.196326487,NA,,,,,,2.19633E-05,,,,,,,,,
08.03.20,FR,318714,191,15.70%,50038,547,0.001716272,,8,2.510087414,NA,,,,,,2.51009E-05,,,,,,,,,
09.03.20,FR,318714,191,15.70%,50038,547,0.001716272,,10,3.137609267,NA,,,,,,3.13761E-05,,,,,,,,,
10.03.20,FR,318714,191,15.70%,50038,547,0.001716272,,12,3.765131121,NA,,,,,,3.76513E-05,,,,,,,,,
11.03.20,FR,318714,191,15.70%,50038,547,0.001716272,,16,5.020174828,NA,,,,,,5.02017E-05,,,,,,,,,
12.03.20,FR,318714,191,15.70%,50038,547,0.001716272,,26,8.157784095,NA,,,,,,8.15778E-05,,,,,,,,,
13.03.20,FR,318714,191,15.70%,50038,547,0.001716272,,31,9.726588728,NA,,,,,,9.72659E-05,,,,,,,,,
14.03.20,FR,318714,191,15.70%,50038,547,0.001716272,,38,11.92291522,31,,,,,,0.000119229,9.72659E-05,,,,,,,,
15.03.20,FR,318714,191,15.70%,50038,547,0.001716272,,,,,,,,,,,,,,,,,,,
16.03.20,FR,318714,191,15.70%,50038,547,0.001716272,,,,,,,,,,,,,,,,,,,
17.03.20,FR,318714,191,15.70%,50038,547,0.001716272,,,,,,,,,,,,,,,,,,,
18.03.20,FR,318714,191,15.70%,50038,547,0.001716272,,67,21.02198209,,,1,,,,0.00021022,,,,,,,,,
19.03.20,FR,318714,191,15.70%,50038,547,0.001716272,,82,25.72839599,,,,,,,0.000257284,,,,,,,,,
20.03.20,FR,318714,191,15.70%,50038,547,0.001716272,,109,34.19994101,,,,,,,0.000341999,,,,,,,,,
21.03.20,FR,318714,191,15.70%,50038,547,0.001716272,,136,42.67148603,,,,,,,0.000426715,,,,,,,,,
22.03.20,FR,318714,191,15.70%,50038,547,0.001716272,,162,50.82927013,,,,,,,0.000508293,,,,,,,,,
23.03.20,FR,318714,191,15.70%,50038,547,0.001716272,,189,59.30081515,,,,,,,0.000593008,,,,,,,,,
24.03.20,FR,318714,191,15.70%,50038,547,0.001716272,,219,68.71364295,,,,,,,0.000687136,,,,,,,,,
25.03.20,FR,318714,191,15.70%,50038,547,0.001716272,,,,,,,,,,,,,,,,,,,
06.03.20,GE,495249,1771,16.40%,81221,1506,0.003040895,,16,3.230698093,NA,,,,,,3.2307E-05,,,,,,,,,
07.03.20,GE,495249,1771,16.40%,81221,1506,0.003040895,,25,5.047965771,NA,,,,,,5.04797E-05,,,,,,,,,
08.03.20,GE,495249,1771,16.40%,81221,1506,0.003040895,,38,7.672907972,NA,,,,,,7.67291E-05,,,,,,,,,
09.03.20,GE,495249,1771,16.40%,81221,1506,0.003040895,,40,8.076745233,NA,,,,,,8.07675E-05,,,,,,,,,
10.03.20,GE,495249,1771,16.40%,81221,1506,0.003040895,,53,10.70168743,NA,,,,,,0.000107017,,,,,,,,,
11.03.20,GE,495249,1771,16.40%,81221,1506,0.003040895,,78,15.7496532,NA,,,,,,0.000157497,,,,,,,,,
12.03.20,GE,495249,1771,16.40%,81221,1506,0.003040895,,76,15.34581594,NA,,,,,,0.000153458,,,,,,,,,
13.03.20,GE,495249,1771,16.40%,81221,1506,0.003040895,,86,17.36500225,NA,,,,,,0.00017365,,,,,,,,,
14.03.20,GE,495249,1771,16.40%,81221,1506,0.003040895,,107,21.6052935,103,,,,,,0.000216053,0.000207976,,,,,,,,
15.03.20,GE,495249,1771,16.40%,81221,1506,0.003040895,,294,59.36407746,,,,,,,0.000593641,,,,,,,,,
16.03.20,GE,495249,1771,16.40%,81221,1506,0.003040895,,382,77.13291698,,,,,,,0.000771329,,,,,,,,,
17.03.20,GE,495249,1771,16.40%,81221,1506,0.003040895,,,,,,,,,,,,,,,,,,,
18.03.20,GE,495249,1771,16.40%,81221,1506,0.003040895,,468,94.49791923,,,,,,,0.000944979,,,,,,,,,
19.03.20,GE,495249,1771,16.40%,81221,1506,0.003040895,,676,136.4969944,,,,,,,0.00136497,,,,,,,,,
20.03.20,GE,495249,1771,16.40%,81221,1506,0.003040895,,873,176.2749647,,,,,,,0.00176275,,,,,,,,,
21.03.20,GE,495249,1771,16.40%,81221,1506,0.003040895,,1128,227.7642156,,,,,,,0.002277642,,,,,,,,,
22.03.20,GE,495249,1771,16.40%,81221,1506,0.003040895,,1203,242.9081129,,,9,214,,,0.002429081,,,,,,,,,
23.03.20,GE,495249,1771,16.40%,81221,1506,0.003040895,,1509,304.6952139,,,9,,103,,0.003046952,,,,,,,,,
24.03.20,GE,495249,1771,16.40%,81221,1506,0.003040895,,1510,304.8971326,,,12,238,103,,0.003048971,,,,,,,,,
25.03.20,GE,495249,1771,16.40%,81221,1506,0.003040895,,1604,323.8774839,,,,,,,0.003238775,,,,,,,,,
06.03.20,GL,40403,59,20.10%,8121,86,0.002128555,,0,0,NA,,,,,,0,,,,,,,,,
07.03.20,GL,40403,59,20.10%,8121,86,0.002128555,,0,0,NA,,,,,,0,,,,,,,,,
08.03.20,GL,40403,59,20.10%,8121,86,0.002128555,,0,0,NA,,,,,,0,,,,,,,,,
09.03.20,GL,40403,59,20.10%,8121,86,0.002128555,,0,0,NA,,,,,,0,,,,,,,,,
10.03.20,GL,40403,59,20.10%,8121,86,0.002128555,,0,0,NA,,,,,,0,,,,,,,,,
11.03.20,GL,40403,59,20.10%,8121,86,0.002128555,,2,4.950127466,NA,,,,,,4.95013E-05,,,,,,,,,
12.03.20,GL,40403,59,20.10%,8121,86,0.002128555,,2,4.950127466,NA,,,,,,4.95013E-05,,,,,,,,,
13.03.20,GL,40403,59,20.10%,8121,86,0.002128555,,4,9.900254932,NA,,,,,,9.90025E-05,,,,,,,,,
14.03.20,GL,40403,59,20.10%,8121,86,0.002128555,,5,12.37531866,3,,,,,,0.000123753,7.42519E-05,,,,,,,,
15.03.20,GL,40403,59,20.10%,8121,86,0.002128555,,,,,,,,,,,,,,,,,,,
16.03.20,GL,40403,59,20.10%,8121,86,0.002128555,,,,,,,,,,,,,,,,,,,
17.03.20,GL,40403,59,20.10%,8121,86,0.002128555,,,,,,,,,,,,,,,,,,,
18.03.20,GL,40403,59,20.10%,8121,86,0.002128555,,10,24.75063733,,,,,,,0.000247506,,,,,,,,,
19.03.20,GL,40403,59,20.10%,8121,86,0.002128555,,16,39.60101973,,,,,,,0.00039601,,,,,,,,,
20.03.20,GL,40403,59,20.10%,8121,86,0.002128555,,18,44.55114719,,,,,,,0.000445511,,,,,,,,,
21.03.20,GL,40403,59,20.10%,8121,86,0.002128555,,21,51.97633839,,,,,,,0.000519763,,,,,,,,,
22.03.20,GL,40403,59,20.10%,8121,86,0.002128555,,24,59.40152959,,,,3,,,0.000594015,,,,,,,,,
23.03.20,GL,40403,59,20.10%,8121,86,0.002128555,,31,76.72697572,,,,,,,0.00076727,,,,,,,,,
24.03.20,GL,40403,59,20.10%,8121,86,0.002128555,,33,81.67710319,,,,,,,0.000816771,,,,,,,,,
25.03.20,GL,40403,59,20.10%,8121,86,0.002128555,,40,99.00254932,,,,,,,0.000990025,,,,,,,,,
27.02.20,GR,198379,28,21.30%,42255,546,0.002752307,,1,0.504085614,,,,,,,5.04086E-06,,,,,,,,,
28.02.20,GR,198379,28,21.30%,42255,546,0.002752307,,,,,,,,,,,,,,,,,,,
29.02.20,GR,198379,28,21.30%,42255,546,0.002752307,,5,2.52042807,,,,,,,2.52043E-05,,,,,,,,,
01.03.20,GR,198379,28,21.30%,42255,546,0.002752307,,,,,,,,,,,,,,,,,,,
02.03.20,GR,198379,28,21.30%,42255,546,0.002752307,,,,,,,,,,,,,,,,,,,
03.03.20,GR,198379,28,21.30%,42255,546,0.002752307,,,,,,,,,,,,,,,,,,,
04.03.20,GR,198379,28,21.30%,42255,546,0.002752307,,,,,,,,,,,,,,,,,,,
05.03.20,GR,198379,28,21.30%,42255,546,0.002752307,,10,5.040856139,,,,,,,5.04086E-05,,,,,,,,,
06.03.20,GR,198379,28,21.30%,42255,546,0.002752307,,13,6.553112981,NA,,,,,,6.55311E-05,,,,,,,,,
07.03.20,GR,198379,28,21.30%,42255,546,0.002752307,,15,7.561284209,NA,,,,,,7.56128E-05,,,,,,,,,
08.03.20,GR,198379,28,21.30%,42255,546,0.002752307,,17,8.569455436,NA,,,,,,8.56946E-05,,,,,,,,,
09.03.20,GR,198379,28,21.30%,42255,546,0.002752307,,17,8.569455436,NA,,,,,,8.56946E-05,,,,,,,,,
10.03.20,GR,198379,28,21.30%,42255,546,0.002752307,,18,9.07354105,NA,,,,,,9.07354E-05,,,,,,,,,
11.03.20,GR,198379,28,21.30%,42255,546,0.002752307,,23,11.59396912,NA,,,,,,0.00011594,,,,,,,,,
12.03.20,GR,198379,28,21.30%,42255,546,0.002752307,,28,14.11439719,NA,,,,,,0.000141144,,,,,,,,,
13.03.20,GR,198379,28,21.30%,42255,546,0.002752307,,39,19.65933894,NA,,,,,,0.000196593,,,,,,,,,
14.03.20,GR,198379,28,21.30%,42255,546,0.002752307,,47,23.69202385,43,,,,,,0.00023692,0.000216757,,,,,,,,
15.03.20,GR,198379,28,21.30%,42255,546,0.002752307,,,,,,,,,,,,,,,,,,,
16.03.20,GR,198379,28,21.30%,42255,546,0.002752307,,,,,,,,,,,,,,,,,,,
17.03.20,GR,198379,28,21.30%,42255,546,0.002752307,,64,32.26147929,,,1,,,,0.000322615,,,,,,,,,
18.03.20,GR,198379,28,21.30%,42255,546,0.002752307,,116,58.47393121,,,,,,,0.000584739,,,,,,,,,
19.03.20,GR,198379,28,21.30%,42255,546,0.002752307,,123,62.00253051,,,,,,,0.000620025,,,,,,,,,
20.03.20,GR,198379,28,21.30%,42255,546,0.002752307,,159,80.14961261,,,,,,,0.000801496,,,,,,,,,
21.03.20,GR,198379,28,21.30%,42255,546,0.002752307,,239,120.4764617,,,,,,,0.001204765,,,,,,,,,
22.03.20,GR,198379,28,21.30%,42255,546,0.002752307,,257,129.5500028,,,5,,,,0.0012955,,,,,,,,,
23.03.20,GR,198379,28,21.30%,42255,546,0.002752307,,266,134.0867733,,,,,,,0.001340868,,,,,,,,,
24.03.20,GR,198379,28,21.30%,42255,546,0.002752307,,276,139.1276294,,,,,,,0.001391276,,,,,,,,,
25.03.20,GR,198379,28,21.30%,42255,546,0.002752307,,322,162.3155677,,,,,,,0.001623156,,,,,,,,,
03.03.20,JU,73419,88,20.90%,15345,145,0.001974966,,1,1.362045247,,,,,,,5.04086E-06,,,,,,,,,
04.03.20,JU,73419,88,20.90%,15345,145,0.001974966,,1,1.362045247,,,,,,,5.04086E-06,,,,,,,,,
05.03.20,JU,73419,88,20.90%,15345,145,0.001974966,,2,2.724090494,,,,,,,1.00817E-05,,,,,,,,,
06.03.20,JU,73419,88,20.90%,15345,145,0.001974966,,3,4.086135741,NA,,,,,,4.08614E-05,,,,,,,,,
07.03.20,JU,73419,88,20.90%,15345,145,0.001974966,,4,5.448180989,NA,,,,,,5.44818E-05,,,,,,,,,
08.03.20,JU,73419,88,20.90%,15345,145,0.001974966,,4,5.448180989,NA,,,,,,5.44818E-05,,,,,,,,,
09.03.20,JU,73419,88,20.90%,15345,145,0.001974966,,5,6.810226236,NA,,,,,,6.81023E-05,,,,,,,,,
10.03.20,JU,73419,88,20.90%,15345,145,0.001974966,,6,8.172271483,NA,,,,,,8.17227E-05,,,,,,,,,
11.03.20,JU,73419,88,20.90%,15345,145,0.001974966,,6,8.172271483,NA,,,,,,8.17227E-05,,,,,,,,,
12.03.20,JU,73419,88,20.90%,15345,145,0.001974966,,9,12.25840722,NA,,,,,,0.000122584,,,,,,,,,
13.03.20,JU,73419,88,20.90%,15345,145,0.001974966,,10,13.62045247,NA,,,,,,0.000136205,,,,,,,,,
14.03.20,JU,73419,88,20.90%,15345,145,0.001974966,,15,20.43067871,7,,,,,,0.000204307,9.53432E-05,,,,,,,,
15.03.20,JU,73419,88,20.90%,15345,145,0.001974966,,16,21.79272395,,,,,,,0.000217927,,,,,,,,,
16.03.20,JU,73419,88,20.90%,15345,145,0.001974966,,17,23.1547692,,,,,,,0.000231548,,,,,,,,,
17.03.20,JU,73419,88,20.90%,15345,145,0.001974966,,23,31.32704068,,,,,,,0.00031327,,,,,,,,,
18.03.20,JU,73419,88,20.90%,15345,145,0.001974966,,25,34.05113118,,,,,,,0.000340511,,,,,,,,,
19.03.20,JU,73419,88,20.90%,15345,145,0.001974966,,27,36.77522167,,,,,,,0.000367752,,,,,,,,,
20.03.20,JU,73419,88,20.90%,15345,145,0.001974966,,29,39.49931217,,,,,,,0.000394993,,,,,,,,,
21.03.20,JU,73419,88,20.90%,15345,145,0.001974966,,49,66.74021711,,,,,,,0.000667402,,,,,,,,,
22.03.20,JU,73419,88,20.90%,15345,145,0.001974966,,51,69.4643076,,,,,,,0.000694643,,,,,,,,,
23.03.20,JU,73419,88,20.90%,15345,145,0.001974966,,57,77.63657909,,,,,,,0.000776366,,,,,,,,,
24.03.20,JU,73419,88,20.90%,15345,145,0.001974966,,66,89.89498631,,,,,,,0.00089895,,,,,,,,,
25.03.20,JU,73419,88,20.90%,15345,145,0.001974966,,78,106.2395293,,,,,,,0.001062395,,,,,,,,,
06.03.20,LU,409557,274,17.60%,72082,977,0.002385504,,2,0.488332515,NA,,,,,,4.88333E-06,,,,,,,,,
07.03.20,LU,409557,274,17.60%,72082,977,0.002385504,,4,0.976665031,NA,,,,,,9.76665E-06,,,,,,,,,
08.03.20,LU,409557,274,17.60%,72082,977,0.002385504,,6,1.464997546,NA,,,,,,1.465E-05,,,,,,,,,
09.03.20,LU,409557,274,17.60%,72082,977,0.002385504,,5,1.220831288,NA,,,,,,1.22083E-05,,,,,,,,,
10.03.20,LU,409557,274,17.60%,72082,977,0.002385504,,6,1.464997546,NA,,,,,,1.465E-05,,,,,,,,,
11.03.20,LU,409557,274,17.60%,72082,977,0.002385504,,7,1.709163804,NA,,,,,,1.70916E-05,,,,,,,,,
12.03.20,LU,409557,274,17.60%,72082,977,0.002385504,,8,1.953330062,NA,,,,,,1.95333E-05,,,,,,,,,
13.03.20,LU,409557,274,17.60%,72082,977,0.002385504,,13,3.17416135,NA,,,,,,3.17416E-05,,,,,,,,,
14.03.20,LU,409557,274,17.60%,72082,977,0.002385504,,19,4.639158896,9,,,,,,4.63916E-05,2.1975E-05,,,,,,,,
15.03.20,LU,409557,274,17.60%,72082,977,0.002385504,,,,,,,,,,,,,,,,,,,
16.03.20,LU,409557,274,17.60%,72082,977,0.002385504,,,,,,,,,,,,,,,,,,,
17.03.20,LU,409557,274,17.60%,72082,977,0.002385504,,48,11.71998037,,,,,,,0.0001172,,,,,,,,,
18.03.20,LU,409557,274,17.60%,72082,977,0.002385504,,50,12.20831288,,,,,,,0.000122083,,,,,,,,,
19.03.20,LU,409557,274,17.60%,72082,977,0.002385504,,63,15.38247423,,,,,,,0.000153825,,,,,,,,,
20.03.20,LU,409557,274,17.60%,72082,977,0.002385504,,92,22.46329571,,,,,,,0.000224633,,,,,,,,,
21.03.20,LU,409557,274,17.60%,72082,977,0.002385504,,109,26.61412209,,,1,,,,0.000266141,,,,,,,,,
22.03.20,LU,409557,274,17.60%,72082,977,0.002385504,,131,31.98577976,,,1,,,,0.000319858,,,,,,,,,
23.03.20,LU,409557,274,17.60%,72082,977,0.002385504,,156,38.0899362,,,1,,,,0.000380899,,,,,,,,,
24.03.20,LU,409557,274,17.60%,72082,977,0.002385504,,205,50.05408283,,,1,,,,0.000500541,,,,,,,,,
25.03.20,LU,409557,274,17.60%,72082,977,0.002385504,,228,55.66990675,,,2,,,,0.000556699,,,,,,,,,
06.03.20,NE,177964,220,19.00%,33813,385,0.002163359,,8,4.495291182,NA,,,,,,4.49529E-05,,,,,,,,,
07.03.20,NE,177964,220,19.00%,33813,385,0.002163359,,11,6.181025376,NA,,,,,,6.18103E-05,,,,,,,,,
08.03.20,NE,177964,220,19.00%,33813,385,0.002163359,,13,7.304848172,NA,,,,,,7.30485E-05,,,,,,,,,
09.03.20,NE,177964,220,19.00%,33813,385,0.002163359,,17,9.552493763,NA,,,,,,9.55249E-05,,,,,,,,,
10.03.20,NE,177964,220,19.00%,33813,385,0.002163359,,27,15.17160774,NA,,,,,,0.000151716,,,,,,,,,
11.03.20,NE,177964,220,19.00%,33813,385,0.002163359,,27,15.17160774,NA,,,,,,0.000151716,,,,,,,,,
12.03.20,NE,177964,220,19.00%,33813,385,0.002163359,,33,18.54307613,NA,,,,,,0.000185431,,,,,,,,,
13.03.20,NE,177964,220,19.00%,33813,385,0.002163359,,37,20.79072172,NA,,,,,,0.000207907,,,,,,,,,
14.03.20,NE,177964,220,19.00%,33813,385,0.002163359,,39,21.91454451,38,,,,,,0.000219145,0.000213526,,,,,,,,
15.03.20,NE,177964,220,19.00%,33813,385,0.002163359,,,,,,,,,,,,,,,,,,,
16.03.20,NE,177964,220,19.00%,33813,385,0.002163359,,74,41.58144344,,,,,,,0.000415814,,,,,,,,,
17.03.20,NE,177964,220,19.00%,33813,385,0.002163359,,77,43.26717763,,,,,,,0.000432672,,,,,,,,,
18.03.20,NE,177964,220,19.00%,33813,385,0.002163359,,99,55.62922838,,,,,,,0.000556292,,,,,,,,,
19.03.20,NE,177964,220,19.00%,33813,385,0.002163359,,132,74.17230451,,,2,,,,0.000741723,,,,,,,,,
20.03.20,NE,177964,220,19.00%,33813,385,0.002163359,,159,89.34391225,,,2,,,,0.000893439,,,,,,,,,
21.03.20,NE,177964,220,19.00%,33813,385,0.002163359,,177,99.45831741,,,2,,,,0.000994583,,,,,,,,,
22.03.20,NE,177964,220,19.00%,33813,385,0.002163359,,188,105.6393428,,,2,,,,0.001056393,,,,,,,,,
23.03.20,NE,177964,220,19.00%,33813,385,0.002163359,,204,114.6299252,,,2,,,,0.001146299,,,,,,,,,
24.03.20,NE,177964,220,19.00%,33813,385,0.002163359,,230,129.2396215,,,2,,,,0.001292396,,,,,,,,,
25.03.20,NE,177964,220,19.00%,33813,385,0.002163359,,256,143.8493178,,,2,,,,0.001438493,,,,,,,,,
06.03.20,NW,43223,157,20.30%,8774,73,0.001688916,,0,0,NA,,,,,,0,,,,,,,,,
07.03.20,NW,43223,157,20.30%,8774,73,0.001688916,,0,0,NA,,,,,,0,,,,,,,,,
08.03.20,NW,43223,157,20.30%,8774,73,0.001688916,,0,0,NA,,,,,,0,,,,,,,,,
09.03.20,NW,43223,157,20.30%,8774,73,0.001688916,,0,0,NA,,,,,,0,,,,,,,,,
10.03.20,NW,43223,157,20.30%,8774,73,0.001688916,,0,0,NA,,,,,,0,,,,,,,,,
11.03.20,NW,43223,157,20.30%,8774,73,0.001688916,,3,6.940749138,NA,,,,,,6.94075E-05,,,,,,,,,
12.03.20,NW,43223,157,20.30%,8774,73,0.001688916,,4,9.254332184,NA,,,,,,9.25433E-05,,,,,,,,,
13.03.20,NW,43223,157,20.30%,8774,73,0.001688916,,5,11.56791523,NA,,,,,,0.000115679,,,,,,,,,
14.03.20,NW,43223,157,20.30%,8774,73,0.001688916,,5,11.56791523,0,,,,,,0.000115679,0,,,,,,,,
15.03.20,NW,43223,157,20.30%,8774,73,0.001688916,,,,,,,,,,,,,,,,,,,
16.03.20,NW,43223,157,20.30%,8774,73,0.001688916,,10,23.13583046,,,,,,,0.000231358,,,,,,,,,
17.03.20,NW,43223,157,20.30%,8774,73,0.001688916,,12,27.76299655,,,,,,,0.00027763,,,,,,,,,
18.03.20,NW,43223,157,20.30%,8774,73,0.001688916,,18,41.64449483,,,,,,,0.000416445,,,,,,,,,
19.03.20,NW,43223,157,20.30%,8774,73,0.001688916,,25,57.83957615,,,,,,,0.000578396,,,,,,,,,
20.03.20,NW,43223,157,20.30%,8774,73,0.001688916,,28,64.78032529,,,,,,,0.000647803,,,,,,,,,
21.03.20,NW,43223,157,20.30%,8774,73,0.001688916,,33,76.34824052,,,,,,,0.000763482,,,,,,,,,
22.03.20,NW,43223,157,20.30%,8774,73,0.001688916,,36,83.28898966,,,,,,,0.00083289,,,,,,,,,
23.03.20,NW,43223,157,20.30%,8774,73,0.001688916,,39,90.2297388,,,,,,,0.000902297,,,,,,,,,
24.03.20,NW,43223,157,20.30%,8774,73,0.001688916,,42,97.17048793,,,,,,,0.000971705,,,,,,,,,
25.03.20,NW,43223,157,20.30%,8774,73,0.001688916,,44,101.797654,,,,,,,0.001017977,,,,,,,,,
06.03.20,OW,37841,77,18.80%,7114,50,0.001321318,,0,0,NA,,,,,,0,,,,,,,,,
07.03.20,OW,37841,77,18.80%,7114,50,0.001321318,,0,0,NA,,,,,,0,,,,,,,,,
08.03.20,OW,37841,77,18.80%,7114,50,0.001321318,,0,0,NA,,,,,,0,,,,,,,,,
09.03.20,OW,37841,77,18.80%,7114,50,0.001321318,,0,0,NA,,,,,,0,,,,,,,,,
10.03.20,OW,37841,77,18.80%,7114,50,0.001321318,,0,0,NA,,,,,,0,,,,,,,,,
11.03.20,OW,37841,77,18.80%,7114,50,0.001321318,,0,0,NA,,,,,,0,,,,,,,,,
12.03.20,OW,37841,77,18.80%,7114,50,0.001321318,,0,0,NA,,,,,,0,,,,,,,,,
13.03.20,OW,37841,77,18.80%,7114,50,0.001321318,,7,18.49845406,NA,,,,,,0.000184985,,,,,,,,,
14.03.20,OW,37841,77,18.80%,7114,50,0.001321318,,8,21.14109035,1,,,,,,0.000211411,2.64264E-05,,,,,,,,
15.03.20,OW,37841,77,18.80%,7114,50,0.001321318,,,,,,,,,,,,,,,,,,,
16.03.20,OW,37841,77,18.80%,7114,50,0.001321318,,,,,,,,,,,,,,,,,,,
17.03.20,OW,37841,77,18.80%,7114,50,0.001321318,,,,,,,,,,,,,,,,,,,
18.03.20,OW,37841,77,18.80%,7114,50,0.001321318,,16,42.2821807,,,,,,,0.000422822,,,,,,,,,
19.03.20,OW,37841,77,18.80%,7114,50,0.001321318,,17,44.924817,,,,,,,0.000449248,,,,,,,,,
20.03.20,OW,37841,77,18.80%,7114,50,0.001321318,,17,44.924817,,,,,,,0.000449248,,,,,,,,,
21.03.20,OW,37841,77,18.80%,7114,50,0.001321318,,19,50.21008959,,,,,,,0.000502101,,,,,,,,,
22.03.20,OW,37841,77,18.80%,7114,50,0.001321318,,20,52.85272588,,,,,,,0.000528527,,,,,,,,,
23.03.20,OW,37841,77,18.80%,7114,50,0.001321318,,25,66.06590735,,,,,,,0.000660659,,,,,,,,,
24.03.20,OW,37841,77,18.80%,7114,50,0.001321318,,25,66.06590735,,,,,,,0.000660659,,,,,,,,,
25.03.20,OW,37841,77,18.80%,7114,50,0.001321318,,27,71.35117994,,,,,,,0.000713512,,,,,,,,,
06.03.20,SG,507697,251,18.30%,92909,1565,0.003082547,,1,0.196967877,NA,,,,,,1.96968E-06,,,,,,,,,
07.03.20,SG,507697,251,18.30%,92909,1565,0.003082547,,1,0.196967877,NA,,,,,,1.96968E-06,,,,,,,,,
08.03.20,SG,507697,251,18.30%,92909,1565,0.003082547,,3,0.59090363,NA,,,,,,5.90904E-06,,,,,,,,,
09.03.20,SG,507697,251,18.30%,92909,1565,0.003082547,,3,0.59090363,NA,,,,,,5.90904E-06,,,,,,,,,
10.03.20,SG,507697,251,18.30%,92909,1565,0.003082547,,7,1.378775136,NA,,,,,,1.37878E-05,,,,,,,,,
11.03.20,SG,507697,251,18.30%,92909,1565,0.003082547,,10,1.969678765,NA,,,,,,1.96968E-05,,,,,,,,,
12.03.20,SG,507697,251,18.30%,92909,1565,0.003082547,,14,2.757550271,NA,,,,,,2.75755E-05,,,,,,,,,
13.03.20,SG,507697,251,18.30%,92909,1565,0.003082547,,19,3.742389654,NA,,,,,,3.74239E-05,,,,,,,,,
14.03.20,SG,507697,251,18.30%,92909,1565,0.003082547,,26,5.121164789,16,,,,,,5.12116E-05,3.15149E-05,,,,,,,,
15.03.20,SG,507697,251,18.30%,92909,1565,0.003082547,,,,,,,,,,,,,,,,,,,
16.03.20,SG,507697,251,18.30%,92909,1565,0.003082547,,35,6.893875678,,,,,,,6.89388E-05,,,,,,,,,
17.03.20,SG,507697,251,18.30%,92909,1565,0.003082547,,47,9.257490196,,,,,,,9.25749E-05,,,,,,,,,
18.03.20,SG,507697,251,18.30%,92909,1565,0.003082547,,61,12.01504047,,,,,,,0.00012015,,,,,,,,,
19.03.20,SG,507697,251,18.30%,92909,1565,0.003082547,,85,16.7422695,,,,,,,0.000167423,,,,,,,,,
20.03.20,SG,507697,251,18.30%,92909,1565,0.003082547,,98,19.3028519,,,,,,,0.000193029,,,,,,,,,
21.03.20,SG,507697,251,18.30%,92909,1565,0.003082547,,137,26.98459908,,,,,,,0.000269846,,,,,,,,,
22.03.20,SG,507697,251,18.30%,92909,1565,0.003082547,,163,32.10576387,,,,,,,0.000321058,,,,,,,,,
23.03.20,SG,507697,251,18.30%,92909,1565,0.003082547,,200,39.3935753,,,1,,,,0.000393936,,,,,,,,,
24.03.20,SG,507697,251,18.30%,92909,1565,0.003082547,,203,39.98447893,,,1,,,,0.000399845,,,,,,,,,
25.03.20,SG,507697,251,18.30%,92909,1565,0.003082547,,228,44.90867584,,,1,,,,0.000449087,,,,,,,,,
06.03.20,SH,81991,275,21.20%,17382,186,0.002268542,,0,0,NA,,,,,,0,,,,,,,,,
07.03.20,SH,81991,275,21.20%,17382,186,0.002268542,,0,0,NA,,,,,,0,,,,,,,,,
08.03.20,SH,81991,275,21.20%,17382,186,0.002268542,,0,0,NA,,,,,,0,,,,,,,,,
09.03.20,SH,81991,275,21.20%,17382,186,0.002268542,,0,0,NA,,,,,,0,,,,,,,,,
10.03.20,SH,81991,275,21.20%,17382,186,0.002268542,,0,0,NA,,,,,,0,,,,,,,,,
11.03.20,SH,81991,275,21.20%,17382,186,0.002268542,,1,1.219646059,NA,,,,,,1.21965E-05,,,,,,,,,
12.03.20,SH,81991,275,21.20%,17382,186,0.002268542,,1,1.219646059,NA,,,,,,1.21965E-05,,,,,,,,,
13.03.20,SH,81991,275,21.20%,17382,186,0.002268542,,1,1.219646059,NA,,,,,,1.21965E-05,,,,,,,,,
14.03.20,SH,81991,275,21.20%,17382,186,0.002268542,,1,1.219646059,1,,,,,,1.21965E-05,1.21965E-05,,,,,,,,
15.03.20,SH,81991,275,21.20%,17382,186,0.002268542,,,,,,,,,,,,,,,,,,,
16.03.20,SH,81991,275,21.20%,17382,186,0.002268542,,,,,,,,,,,,,,,,,,,
17.03.20,SH,81991,275,21.20%,17382,186,0.002268542,,,,,,,,,,,,,,,,,,,
18.03.20,SH,81991,275,21.20%,17382,186,0.002268542,,6,7.317876352,,,,,,,7.31788E-05,,,,,,,,,
19.03.20,SH,81991,275,21.20%,17382,186,0.002268542,,8,9.75716847,,,,,,,9.75717E-05,,,,,,,,,
20.03.20,SH,81991,275,21.20%,17382,186,0.002268542,,14,17.07504482,,,,,,,0.00017075,,,,,,,,,
21.03.20,SH,81991,275,21.20%,17382,186,0.002268542,,17,20.733983,,,,,,,0.00020734,,,,,,,,,
22.03.20,SH,81991,275,21.20%,17382,186,0.002268542,,28,34.15008964,,,,,,,0.000341501,,,,,,,,,
23.03.20,SH,81991,275,21.20%,17382,186,0.002268542,,30,36.58938176,,,,,,,0.000365894,,,,,,,,,
24.03.20,SH,81991,275,21.20%,17382,186,0.002268542,,32,39.02867388,,,,,,,0.000390287,,,,,,,,,
25.03.20,SH,81991,275,21.20%,17382,186,0.002268542,,34,41.467966,,,,,,,0.00041468,,,,,,,,,
06.03.20,SO,273194,345,19.60%,53546,510,0.001866805,,1,0.36604025,NA,,,,,,3.6604E-06,,,,,,,,,
07.03.20,SO,273194,345,19.60%,53546,510,0.001866805,,1,0.36604025,NA,,,,,,3.6604E-06,,,,,,,,,
08.03.20,SO,273194,345,19.60%,53546,510,0.001866805,,1,0.36604025,NA,,,,,,3.6604E-06,,,,,,,,,
09.03.20,SO,273194,345,19.60%,53546,510,0.001866805,,1,0.36604025,NA,,,,,,3.6604E-06,,,,,,,,,
10.03.20,SO,273194,345,19.60%,53546,510,0.001866805,,1,0.36604025,NA,,,,,,3.6604E-06,,,,,,,,,
11.03.20,SO,273194,345,19.60%,53546,510,0.001866805,,3,1.098120749,NA,,,,,,1.09812E-05,,,,,,,,,
12.03.20,SO,273194,345,19.60%,53546,510,0.001866805,,7,2.562281749,NA,,,,,,2.56228E-05,,,,,,,,,
13.03.20,SO,273194,345,19.60%,53546,510,0.001866805,,8,2.928321998,NA,,,,,,2.92832E-05,,,,,,,,,
14.03.20,SO,273194,345,19.60%,53546,510,0.001866805,,10,3.660402498,6,,,,,,3.6604E-05,2.19624E-05,,,,,,,,
15.03.20,SO,273194,345,19.60%,53546,510,0.001866805,,,,,,,,,,,,,,,,,,,
16.03.20,SO,273194,345,19.60%,53546,510,0.001866805,,,,,,,,,,,,,,,,,,,
17.03.20,SO,273194,345,19.60%,53546,510,0.001866805,,,,,,,,,,,,,,,,,,,
18.03.20,SO,273194,345,19.60%,53546,510,0.001866805,,31,11.34724774,,,,,,,0.000113472,,,,,,,,,
19.03.20,SO,273194,345,19.60%,53546,510,0.001866805,,39,14.27556974,,,,,,,0.000142756,,,,,,,,,
20.03.20,SO,273194,345,19.60%,53546,510,0.001866805,,46,16.83785149,,,,,,,0.000168379,,,,,,,,,
21.03.20,SO,273194,345,19.60%,53546,510,0.001866805,,58,21.23033449,,,,,,,0.000212303,,,,,,,,,
22.03.20,SO,273194,345,19.60%,53546,510,0.001866805,,68,24.89073699,,,,,,,0.000248907,,,,,,,,,
23.03.20,SO,273194,345,19.60%,53546,510,0.001866805,,104,38.06818598,,,1,,,,0.000380682,,,,,,,,,
24.03.20,SO,273194,345,19.60%,53546,510,0.001866805,,129,47.21919222,,,1,,,,0.000472192,,,,,,,,,
25.03.20,SO,273194,345,19.60%,53546,510,0.001866805,,141,51.61167522,,,1,,,,0.000516117,,,,,,,,,
06.03.20,SZ,159165,175,17.70%,28172,274,0.001721484,,7,4.397951811,NA,,,,,,4.39795E-05,,,,,,,,,
07.03.20,SZ,159165,175,17.70%,28172,274,0.001721484,,7,4.397951811,NA,,,,,,4.39795E-05,,,,,,,,,
08.03.20,SZ,159165,175,17.70%,28172,274,0.001721484,,7,4.397951811,NA,,,,,,4.39795E-05,,,,,,,,,
09.03.20,SZ,159165,175,17.70%,28172,274,0.001721484,,7,4.397951811,NA,,,,,,4.39795E-05,,,,,,,,,
10.03.20,SZ,159165,175,17.70%,28172,274,0.001721484,,7,4.397951811,NA,,,,,,4.39795E-05,,,,,,,,,
11.03.20,SZ,159165,175,17.70%,28172,274,0.001721484,,8,5.026230641,NA,,,,,,5.02623E-05,,,,,,,,,
12.03.20,SZ,159165,175,17.70%,28172,274,0.001721484,,9,5.654509471,NA,,,,,,5.65451E-05,,,,,,,,,
13.03.20,SZ,159165,175,17.70%,28172,274,0.001721484,,10,6.282788301,NA,,,,,,6.28279E-05,,,,,,,,,
14.03.20,SZ,159165,175,17.70%,28172,274,0.001721484,,13,8.167624792,12,,,,,,8.16762E-05,7.53935E-05,,,,,,,,
15.03.20,SZ,159165,175,17.70%,28172,274,0.001721484,,13,8.167624792,,,,,,,8.16762E-05,,,,,,,,,
16.03.20,SZ,159165,175,17.70%,28172,274,0.001721484,,,,,,,,,,,,,,,,,,,
17.03.20,SZ,159165,175,17.70%,28172,274,0.001721484,,,,,,,,,,,,,,,,,,,
18.03.20,SZ,159165,175,17.70%,28172,274,0.001721484,,29,18.22008607,,,,,,,0.000182201,,,,,,,,,
19.03.20,SZ,159165,175,17.70%,28172,274,0.001721484,,35,21.98975906,,,,,,,0.000219898,,,,,,,,,
20.03.20,SZ,159165,175,17.70%,28172,274,0.001721484,,39,24.50287438,,,,,,,0.000245029,,,,,,,,,
21.03.20,SZ,159165,175,17.70%,28172,274,0.001721484,,56,35.18361449,,,,,,,0.000351836,,,,,,,,,
22.03.20,SZ,159165,175,17.70%,28172,274,0.001721484,,70,43.97951811,,,,,,,0.000439795,,,,,,,,,
23.03.20,SZ,159165,175,17.70%,28172,274,0.001721484,,73,45.8643546,,,,,,,0.000458644,,,,,,,,,
24.03.20,SZ,159165,175,17.70%,28172,274,0.001721484,,80,50.26230641,,,,,,,0.000502623,,,,,,,,,
25.03.20,SZ,159165,175,17.70%,28172,274,0.001721484,,99,62.19960418,,,,,,,0.000621996,,,,,,,,,
06.03.20,TG,276472,279,17.60%,48659,570,0.002061692,,1,0.361700281,NA,,,,,,3.617E-06,,,,,,,,,
07.03.20,TG,276472,279,17.60%,48659,570,0.002061692,,1,0.361700281,NA,,,,,,3.617E-06,,,,,,,,,
08.03.20,TG,276472,279,17.60%,48659,570,0.002061692,,1,0.361700281,NA,,,,,,3.617E-06,,,,,,,,,
09.03.20,TG,276472,279,17.60%,48659,570,0.002061692,,2,0.723400561,NA,,,,,,7.23401E-06,,,,,,,,,
10.03.20,TG,276472,279,17.60%,48659,570,0.002061692,,3,1.085100842,NA,,,,,,1.0851E-05,,,,,,,,,
11.03.20,TG,276472,279,17.60%,48659,570,0.002061692,,4,1.446801123,NA,,,,,,1.4468E-05,,,,,,,,,
12.03.20,TG,276472,279,17.60%,48659,570,0.002061692,,5,1.808501403,NA,,,,,,1.8085E-05,,,,,,,,,
13.03.20,TG,276472,279,17.60%,48659,570,0.002061692,,5,1.808501403,NA,,,,,,1.8085E-05,,,,,,,,,
14.03.20,TG,276472,279,17.60%,48659,570,0.002061692,,5,1.808501403,4,,,,,,1.8085E-05,1.4468E-05,,,,,,,,
15.03.20,TG,276472,279,17.60%,48659,570,0.002061692,,,,,,,,,,,,,,,,,,,
16.03.20,TG,276472,279,17.60%,48659,570,0.002061692,,17,6.148904772,,,,,,,6.1489E-05,,,,,,,,,
17.03.20,TG,276472,279,17.60%,48659,570,0.002061692,,23,8.319106456,,,,,,,8.31911E-05,,,,,,,,,
18.03.20,TG,276472,279,17.60%,48659,570,0.002061692,,32,11.57440898,,,,,,,0.000115744,,,,,,,,,
19.03.20,TG,276472,279,17.60%,48659,570,0.002061692,,36,13.0212101,,,,,,,0.000130212,,,,,,,,,
20.03.20,TG,276472,279,17.60%,48659,570,0.002061692,,49,17.72331375,,,,,,,0.000177233,,,,,,,,,
21.03.20,TG,276472,279,17.60%,48659,570,0.002061692,,56,20.25521572,,,,,,,0.000202552,,,,,,,,,
22.03.20,TG,276472,279,17.60%,48659,570,0.002061692,,75,27.12752105,,,,,,,0.000271275,,,,,,,,,
23.03.20,TG,276472,279,17.60%,48659,570,0.002061692,,81,29.29772274,,,,,,,0.000292977,,,,,,,,,
24.03.20,TG,276472,279,17.60%,48659,570,0.002061692,,87,31.46792442,,,,,,,0.000314679,,,,,,,,,
25.03.20,TG,276472,279,17.60%,48659,570,0.002061692,,96,34.72322695,,,,,,,0.000347232,,,,,,,,,
06.03.20,TI,353343,126,22.60%,79856,1338,0.003786689,,37,10.47141163,NA,,,,,,0.000104714,,,,,,,,,
07.03.20,TI,353343,126,22.60%,79856,1338,0.003786689,,43,12.16947838,NA,,,,,,0.000121695,,,,,,,,,
08.03.20,TI,353343,126,22.60%,79856,1338,0.003786689,,58,16.41464526,NA,,,,,,0.000164146,,,,,,,,,
09.03.20,TI,353343,126,22.60%,79856,1338,0.003786689,,67,18.96174539,NA,,,,,,0.000189617,,,,,,,,,
10.03.20,TI,353343,126,22.60%,79856,1338,0.003786689,,91,25.75401239,NA,,,,,,0.00025754,,,,,,,,,
11.03.20,TI,353343,126,22.60%,79856,1338,0.003786689,,131,37.0744574,NA,,,,,,0.000370745,,,,,,,,,
12.03.20,TI,353343,126,22.60%,79856,1338,0.003786689,,170,48.11189128,NA,,,,,,0.000481119,,,,,,,,,
13.03.20,TI,353343,126,22.60%,79856,1338,0.003786689,,218,61.69642529,NA,,,,,,0.000616964,,,,,,,,,
14.03.20,TI,353343,126,22.60%,79856,1338,0.003786689,,262,74.14891479,250,,,,,,0.000741489,0.000707528,,,,,,,,
15.03.20,TI,353343,126,22.60%,79856,1338,0.003786689,,291,82.35623742,,,6,,,,0.000823562,,,,,,,,,
16.03.20,TI,353343,126,22.60%,79856,1338,0.003786689,,330,93.39367131,,,8,,,,0.000933937,,,,,,,,,
17.03.20,TI,353343,126,22.60%,79856,1338,0.003786689,,422,119.4306948,,,10,,,,0.001194307,,,,,,,,,
18.03.20,TI,353343,126,22.60%,79856,1338,0.003786689,,511,144.618685,,,14,,,,0.001446187,,,,,,,,,
19.03.20,TI,353343,126,22.60%,79856,1338,0.003786689,,638,180.5610979,,,15,,,,0.001805611,,,,,,,,,
20.03.20,TI,353343,126,22.60%,79856,1338,0.003786689,,816,230.9370781,,,,,,,0.002309371,,,,,,,,,
21.03.20,TI,353343,126,22.60%,79856,1338,0.003786689,,918,259.8042129,,,,,,,0.002598042,,,,,,,,,
22.03.20,TI,353343,126,22.60%,79856,1338,0.003786689,,939,265.7474465,,,37,,,,0.002657474,,,,,,,,,
23.03.20,TI,353343,126,22.60%,79856,1338,0.003786689,,1165,329.7079608,,,48,,,,0.00329708,,,,,,,,,
24.03.20,TI,353343,126,22.60%,79856,1338,0.003786689,,1211,342.7264726,,,53,,,,0.003427265,,,,,,,,,
25.03.20,TI,353343,126,22.60%,79856,1338,0.003786689,,1354,383.1970635,,,60,,,,0.003831971,,,,,,,,,
06.03.20,UR,36433,34,20.40%,7432,63,0.001729202,,0,0,NA,,,,,,0,,,,,,,,,
07.03.20,UR,36433,34,20.40%,7432,63,0.001729202,,0,0,NA,,,,,,0,,,,,,,,,
08.03.20,UR,36433,34,20.40%,7432,63,0.001729202,,0,0,NA,,,,,,0,,,,,,,,,
09.03.20,UR,36433,34,20.40%,7432,63,0.001729202,,0,0,NA,,,,,,0,,,,,,,,,
10.03.20,UR,36433,34,20.40%,7432,63,0.001729202,,0,0,NA,,,,,,0,,,,,,,,,
11.03.20,UR,36433,34,20.40%,7432,63,0.001729202,,0,0,NA,,,,,,0,,,,,,,,,
12.03.20,UR,36433,34,20.40%,7432,63,0.001729202,,2,5.489528724,NA,,,,,,5.48953E-05,,,,,,,,,
13.03.20,UR,36433,34,20.40%,7432,63,0.001729202,,2,5.489528724,NA,,,,,,5.48953E-05,,,,,,,,,
14.03.20,UR,36433,34,20.40%,7432,63,0.001729202,,2,5.489528724,0,,,,,,5.48953E-05,0,,,,,,,,
15.03.20,UR,36433,34,20.40%,7432,63,0.001729202,,2,5.489528724,,,,,,,5.48953E-05,,,,,,,,,
16.03.20,UR,36433,34,20.40%,7432,63,0.001729202,,2,5.489528724,,,,,,,5.48953E-05,,,,,,,,,
17.03.20,UR,36433,34,20.40%,7432,63,0.001729202,,2,5.489528724,,,,,,,5.48953E-05,,,,,,,,,
18.03.20,UR,36433,34,20.40%,7432,63,0.001729202,,5,13.72382181,,,,,,,0.000137238,,,,,,,,,
19.03.20,UR,36433,34,20.40%,7432,63,0.001729202,,7,19.21335053,,,,,,,0.000192134,,,,,,,,,
20.03.20,UR,36433,34,20.40%,7432,63,0.001729202,,7,19.21335053,,,,,,,0.000192134,,,,,,,,,
21.03.20,UR,36433,34,20.40%,7432,63,0.001729202,,12,32.93717234,,,,,,,0.000329372,,,,,,,,,
22.03.20,UR,36433,34,20.40%,7432,63,0.001729202,,12,32.93717234,,,,,,,0.000329372,,,,,,,,,
23.03.20,UR,36433,34,20.40%,7432,63,0.001729202,,22,60.38481596,,,,,,,0.000603848,,,,,,,,,
24.03.20,UR,36433,34,20.40%,7432,63,0.001729202,,25,68.61910905,,,,,,,0.000686191,,,,,,,,,
25.03.20,UR,36433,34,20.40%,7432,63,0.001729202,,31,85.08769522,,,,,,,0.000850877,,,,,,,,,
06.03.20,VD,799145,249,16.40%,131060,2268,0.002838033,,23,2.878075944,NA,,,,,,2.87808E-05,,,,,,,,,
07.03.20,VD,799145,249,16.40%,131060,2268,0.002838033,,30,3.7540121,NA,,,,,,3.75401E-05,,,,,,,,,
08.03.20,VD,799145,249,16.40%,131060,2268,0.002838033,,40,5.005349467,NA,,,,,,5.00535E-05,,,,,,,,,
09.03.20,VD,799145,249,16.40%,131060,2268,0.002838033,,51,6.381820571,NA,,,,,,6.38182E-05,,,,,,,,,
10.03.20,VD,799145,249,16.40%,131060,2268,0.002838033,,77,9.635297724,NA,,,,,,9.6353E-05,,,,,,,,,
11.03.20,VD,799145,249,16.40%,131060,2268,0.002838033,,108,13.51444356,NA,,,,,,0.000135144,,,,,,,,,
12.03.20,VD,799145,249,16.40%,131060,2268,0.002838033,,156,19.52086292,NA,,,,,,0.000195209,,,,,,,,,
13.03.20,VD,799145,249,16.40%,131060,2268,0.002838033,,222,27.77968954,NA,,,,,,0.000277797,,,,,,,,,
14.03.20,VD,799145,249,16.40%,131060,2268,0.002838033,,273,34.16151011,254,,,,,,0.000341615,0.00031784,,,,,,,,
15.03.20,VD,799145,249,16.40%,131060,2268,0.002838033,,331,41.41926684,,,,,,,0.000414193,,,,,,,,,
16.03.20,VD,799145,249,16.40%,131060,2268,0.002838033,,461,57.68665261,,,5,,,,0.000576867,,,,,,,,,
17.03.20,VD,799145,249,16.40%,131060,2268,0.002838033,,695,86.96794699,,,5,95,9,,0.000869679,,,,,,,,,
18.03.20,VD,799145,249,16.40%,131060,2268,0.002838033,,796,99.6064544,,,5,117,16,,0.000996065,,,,,,,,,
19.03.20,VD,799145,249,16.40%,131060,2268,0.002838033,,1210,151.4118214,,,7,140,52,,0.001514118,,,,,,,,,
20.03.20,VD,799145,249,16.40%,131060,2268,0.002838033,,1432,179.1915109,,,12,152,62,,0.001791915,,,,,,,,,
21.03.20,VD,799145,249,16.40%,131060,2268,0.002838033,,1676,209.7241427,,,15,175,70,,0.002097241,,,,,,,,,
22.03.20,VD,799145,249,16.40%,131060,2268,0.002838033,,1782,222.9883188,,,16,203,75,,0.002229883,,,,,,,,,
23.03.20,VD,799145,249,16.40%,131060,2268,0.002838033,,2162,270.5391387,,,17,223,91,,0.002705391,,,,,,,,,
24.03.20,VD,799145,249,16.40%,131060,2268,0.002838033,,2234,279.5487677,,,21,266,100,,0.002795488,,,,,,,,,
25.03.20,VD,799145,249,16.40%,131060,2268,0.002838033,,,,,,,,,,,,,,,,,,,
06.03.20,VS,343955,66,19.60%,67415,834,0.002424736,,4,1.162942827,NA,,,,,,1.16294E-05,,,,,,,,,
07.03.20,VS,343955,66,19.60%,67415,834,0.002424736,,5,1.453678534,NA,,,,,,1.45368E-05,,,,,,,,,
08.03.20,VS,343955,66,19.60%,67415,834,0.002424736,,5,1.453678534,NA,,,,,,1.45368E-05,,,,,,,,,
09.03.20,VS,343955,66,19.60%,67415,834,0.002424736,,7,2.035149947,NA,,,,,,2.03515E-05,,,,,,,,,
10.03.20,VS,343955,66,19.60%,67415,834,0.002424736,,15,4.361035601,NA,,,,,,4.36104E-05,,,,,,,,,
11.03.20,VS,343955,66,19.60%,67415,834,0.002424736,,18,5.233242721,NA,,,,,,5.23324E-05,,,,,,,,,
12.03.20,VS,343955,66,19.60%,67415,834,0.002424736,,23,6.686921254,NA,,,,,,6.68692E-05,,,,,,,,,
13.03.20,VS,343955,66,19.60%,67415,834,0.002424736,,29,8.431335494,NA,,,,,,8.43134E-05,,,,,,,,,
14.03.20,VS,343955,66,19.60%,67415,834,0.002424736,,47,13.66457822,43,,,,,,0.000136646,0.000125016,,,,,,,,
15.03.20,VS,343955,66,19.60%,67415,834,0.002424736,,,,,,,,,,,,,,,,,,,
16.03.20,VS,343955,66,19.60%,67415,834,0.002424736,,,,,,,,,,,,,,,,,,,
17.03.20,VS,343955,66,19.60%,67415,834,0.002424736,,95,27.61989214,,,,,,,0.000276199,,,,,,,,,
18.03.20,VS,343955,66,19.60%,67415,834,0.002424736,,129,37.50490617,,,,,,,0.000375049,,,,,,,,,
19.03.20,VS,343955,66,19.60%,67415,834,0.002424736,,232,67.45068396,,,,,,,0.000674507,,,,,,,,,
20.03.20,VS,343955,66,19.60%,67415,834,0.002424736,,282,81.98746929,,,,,,,0.000819875,,,,,,,,,
21.03.20,VS,343955,66,19.60%,67415,834,0.002424736,,359,104.3741187,,,,,,,0.001043741,,,,,,,,,
22.03.20,VS,343955,66,19.60%,67415,834,0.002424736,,432,125.5978253,,,,,,,0.001255978,,,,,,,,,
23.03.20,VS,343955,66,19.60%,67415,834,0.002424736,,492,143.0419677,,,12,,,,0.00143042,,,,,,,,,
24.03.20,VS,343955,66,19.60%,67415,834,0.002424736,,544,158.1602244,,,13,,,,0.001581602,,,,,,,,,
25.03.20,VS,343955,66,19.60%,67415,834,0.002424736,,651,189.2689451,,,14,,,,,,,,,,,,,
06.03.20,ZG,126837,531,17.00%,21562,206,0.001624132,,5,3.942067378,NA,,,,,,3.94207E-05,,,,,,,,,
07.03.20,ZG,126837,531,17.00%,21562,206,0.001624132,,6,4.730480853,NA,,,,,,4.73048E-05,,,,,,,,,
08.03.20,ZG,126837,531,17.00%,21562,206,0.001624132,,7,5.518894329,NA,,,,,,5.51889E-05,,,,,,,,,
09.03.20,ZG,126837,531,17.00%,21562,206,0.001624132,,7,5.518894329,NA,,,,,,5.51889E-05,,,,,,,,,
10.03.20,ZG,126837,531,17.00%,21562,206,0.001624132,,7,5.518894329,NA,,,,,,5.51889E-05,,,,,,,,,
11.03.20,ZG,126837,531,17.00%,21562,206,0.001624132,,7,5.518894329,NA,,,,,,5.51889E-05,,,,,,,,,
12.03.20,ZG,126837,531,17.00%,21562,206,0.001624132,,7,5.518894329,NA,,,,,,5.51889E-05,,,,,,,,,
13.03.20,ZG,126837,531,17.00%,21562,206,0.001624132,,7,5.518894329,NA,,,,,,5.51889E-05,,,,,,,,,
14.03.20,ZG,126837,531,17.00%,21562,206,0.001624132,,9,7.09572128,8,,,,,,7.09572E-05,6.30731E-05,,,,,,,,
15.03.20,ZG,126837,531,17.00%,21562,206,0.001624132,,,,,,,,,,,,,,,,,,,
16.03.20,ZG,126837,531,17.00%,21562,206,0.001624132,,,,,,,,,,,,,,,,,,,
17.03.20,ZG,126837,531,17.00%,21562,206,0.001624132,,,,,,,,,,,,,,,,,,,
18.03.20,ZG,126837,531,17.00%,21562,206,0.001624132,,17,13.40302908,,,,,,,0.00013403,,,,,,,,,
19.03.20,ZG,126837,531,17.00%,21562,206,0.001624132,,23,18.13350994,,,,,,,0.000181335,,,,,,,,,
20.03.20,ZG,126837,531,17.00%,21562,206,0.001624132,,27,21.28716384,,,,,,,0.000212872,,,,,,,,,
21.03.20,ZG,126837,531,17.00%,21562,206,0.001624132,,,,,,,,,,,,,,,,,,,
22.03.20,ZG,126837,531,17.00%,21562,206,0.001624132,,41,32.3249525,,,,,,,0.00032325,,,,,,,,,
23.03.20,ZG,126837,531,17.00%,21562,206,0.001624132,,62,48.88163548,,,,,,,0.000488816,,,,,,,,,
24.03.20,ZG,126837,531,17.00%,21562,206,0.001624132,,72,56.76577024,,,,,,,0.000567658,,,,,,,,,
25.03.20,ZG,126837,531,17.00%,21562,206,0.001624132,,80,63.07307805,,,,,,,0.000630731,,,,,,,,,
27.02.20,ZH,1520968,880,17.00%,258565,4472,0.002940233,,1,0.065747603,1,,,,,,6.57476E-07,6.57476E-07,,,,,,,,
28.02.20,ZH,1520968,880,17.00%,258565,4472,0.002940233,,2,0.131495206,2,,,,,,1.31495E-06,1.31495E-06,,,,,,,,
02.03.20,ZH,1520968,880,17.00%,258565,4472,0.002940233,,2,0.131495206,2,,,,,,1.31495E-06,1.31495E-06,,,,,,,,
03.03.20,ZH,1520968,880,17.00%,258565,4472,0.002940233,400,9,0.591728426,9,,,,,,5.91728E-06,5.91728E-06,,,,,,,,
05.03.20,ZH,1520968,880,17.00%,258565,4472,0.002940233,,19,1.249204454,19,,,,,,1.2492E-05,1.2492E-05,,,,,,,,
06.03.20,ZH,1520968,880,17.00%,258565,4472,0.002940233,,26,1.709437674,26,,,,,,1.70944E-05,1.70944E-05,,,,,,,,
07.03.20,ZH,1520968,880,17.00%,258565,4472,0.002940233,,30,1.972428085,30,,,,,,1.97243E-05,1.97243E-05,,,,,,,,
08.03.20,ZH,1520968,880,17.00%,258565,4472,0.002940233,,37,2.432661305,37,,,,,,2.43266E-05,2.43266E-05,,,,,,,,
09.03.20,ZH,1520968,880,17.00%,258565,4472,0.002940233,855,40,2.629904114,40,,,,,,2.6299E-05,2.6299E-05,,,,,,,,
10.03.20,ZH,1520968,880,17.00%,258565,4472,0.002940233,,49,3.221632539,49,,,,,,3.22163E-05,3.22163E-05,,,,,,,,
11.03.20,ZH,1520968,880,17.00%,258565,4472,0.002940233,,59,3.879108568,59,1,,,,,3.87911E-05,3.87911E-05,,,,,,,,
12.03.20,ZH,1520968,880,17.00%,258565,4472,0.002940233,,92,6.048779462,92,7,,,,,6.04878E-05,6.04878E-05,,,,,,,,
13.03.20,ZH,1520968,880,17.00%,258565,4472,0.002940233,,140,9.204664398,140,11,,,,,9.20466E-05,9.20466E-05,,,,,,,,
14.03.20,ZH,1520968,880,17.00%,258565,4472,0.002940233,,148,9.730645221,,,,,,,9.73065E-05,,,,,,,,,
15.03.20,ZH,1520968,880,17.00%,258565,4472,0.002940233,,,,,,,,,,,,,,,,,,,
16.03.20,ZH,1520968,880,17.00%,258565,4472,0.002940233,,270,17.75185277,270,,1,,,,0.000177519,0.000177519,,,,,,,,
17.03.20,ZH,1520968,880,17.00%,258565,4472,0.002940233,,294,19.32979524,294,,,,,,0.000193298,0.000193298,,,,,,,,
18.03.20,ZH,1520968,880,17.00%,258565,4472,0.002940233,,424,27.87698361,424,,,,,,0.00027877,0.00027877,,,,,,,,
19.03.20,ZH,1520968,880,17.00%,258565,4472,0.002940233,,526,34.5832391,526,,3,,,,0.000345832,,,,,,,,,
20.03.20,ZH,1520968,880,17.00%,258565,4472,0.002940233,,773,50.822897,,,3,,,,0.000508229,,,,,,,,,
21.03.20,ZH,1520968,880,17.00%,258565,4472,0.002940233,,,,,,,,,,,,,,,,,,,
22.03.20,ZH,1520968,880,17.00%,258565,4472,0.002940233,,891,58.58111413,,,,,,,0.000585811,,,,,,,,,
23.03.20,ZH,1520968,880,17.00%,258565,4472,0.002940233,,1068,70.21843984,,,5,,,,0.000702184,,,,,,,,,
24.03.20,ZH,1520968,880,17.00%,258565,4472,0.002940233,,1211,79.62034704,,,5,,,,0.000796203,,,,,,,,,
25.03.20,ZH,1520968,880,17.00%,258565,4472,0.002940233,,1363,89.61398267,,,7,,,,0.00089614,,,,,,,,,